{
    "name": "root",
    "gauges": {
        "Hammer.Policy.Entropy.mean": {
            "value": 2.115729570388794,
            "min": 2.104217290878296,
            "max": 2.302560806274414,
            "count": 50
        },
        "Hammer.Policy.ExtrinsicValueEstimate.mean": {
            "value": -0.0521363727748394,
            "min": -0.09865421801805496,
            "max": 0.021991556510329247,
            "count": 50
        },
        "Hammer.Policy.CuriosityValueEstimate.mean": {
            "value": 3.0209760665893555,
            "min": -0.06042571738362312,
            "max": 4.593571662902832,
            "count": 50
        },
        "Hammer.Environment.EpisodeLength.mean": {
            "value": 999.0,
            "min": 999.0,
            "max": 999.0,
            "count": 49
        },
        "Hammer.Self-play.ELO.mean": {
            "value": 1190.117562871304,
            "min": 1190.117562871304,
            "max": 1200.0,
            "count": 49
        },
        "Hammer.Environment.CumulativeReward.mean": {
            "value": -0.7089999284595251,
            "min": -1.7959999226033687,
            "max": 0.8510000430047512,
            "count": 50
        },
        "Hammer.Policy.ExtrinsicReward.mean": {
            "value": -0.7089999284595251,
            "min": -1.7959999226033687,
            "max": 0.8510000430047512,
            "count": 50
        },
        "Hammer.Policy.CuriosityReward.mean": {
            "value": 10.425132767856121,
            "min": 0.0,
            "max": 956.6978534936904,
            "count": 50
        },
        "Hammer.IsTraining.mean": {
            "value": 1.0,
            "min": 1.0,
            "max": 1.0,
            "count": 50
        },
        "Hammer.Losses.ValueLoss.mean": {
            "value": 0.007033507339656353,
            "min": 0.0027745121624320745,
            "max": 77.32331085205078,
            "count": 49
        },
        "Hammer.Losses.PolicyLoss.mean": {
            "value": 0.34681016206741333,
            "min": 0.24704726040363312,
            "max": 0.838120698928833,
            "count": 49
        },
        "Hammer.Policy.LearningRate.mean": {
            "value": 0.00029999998514540493,
            "min": 0.00029999998514540493,
            "max": 0.00029999998514540493,
            "count": 49
        },
        "Hammer.Policy.Epsilon.mean": {
            "value": 0.20000003278255463,
            "min": 0.20000003278255463,
            "max": 0.20000003278255463,
            "count": 49
        },
        "Hammer.Policy.Beta.mean": {
            "value": 0.004999999888241291,
            "min": 0.004999999888241291,
            "max": 0.004999999888241291,
            "count": 49
        },
        "Hammer.Losses.CuriosityForwardLoss.mean": {
            "value": 0.053758248686790466,
            "min": 0.04877764359116554,
            "max": 0.4184038043022156,
            "count": 49
        },
        "Hammer.Losses.CuriosityInverseLoss.mean": {
            "value": 0.7361699342727661,
            "min": 0.5938672423362732,
            "max": 1.7405564785003662,
            "count": 49
        }
    },
    "metadata": {
        "timer_format_version": "0.1.0",
        "start_time_seconds": "1609939180",
        "python_version": "3.8.6 (tags/v3.8.6:db45529, Sep 23 2020, 15:52:53) [MSC v.1927 64 bit (AMD64)]",
        "command_line_arguments": "C:\\Users\\bramv\\AppData\\Local\\Programs\\Python\\Python38\\Scripts\\mlagents-learn AIr-Hockey.yml --run-id Hammer-31",
        "mlagents_version": "0.21.0",
        "mlagents_envs_version": "0.21.0",
        "communication_protocol_version": "1.2.0",
        "tensorflow_version": "2.3.1",
        "numpy_version": "1.19.2",
        "end_time_seconds": "1609942363"
    },
    "total": 3182.5247445,
    "count": 1,
    "self": 0.2649123999999574,
    "children": {
        "run_training.setup": {
            "total": 0.005945599999999995,
            "count": 1,
            "self": 0.005945599999999995
        },
        "TrainerController.start_learning": {
            "total": 3182.2538865,
            "count": 1,
            "self": 1.4386354000275787,
            "children": {
                "TrainerController._reset_env": {
                    "total": 12.336338799999757,
                    "count": 5,
                    "self": 12.336338799999757
                },
                "TrainerController.advance": {
                    "total": 3164.624754799973,
                    "count": 50110,
                    "self": 0.6229522999560686,
                    "children": {
                        "env_step": {
                            "total": 3164.0018025000168,
                            "count": 50110,
                            "self": 3045.7285774999673,
                            "children": {
                                "SubprocessEnvManager._take_step": {
                                    "total": 117.65517100005297,
                                    "count": 50110,
                                    "self": 3.7705346000409463,
                                    "children": {
                                        "TFPolicy.evaluate": {
                                            "total": 113.88463640001203,
                                            "count": 100220,
                                            "self": 113.88463640001203
                                        }
                                    }
                                },
                                "workers": {
                                    "total": 0.6180539999963024,
                                    "count": 50110,
                                    "self": 0.0,
                                    "children": {
                                        "worker_root": {
                                            "total": 3169.084752399982,
                                            "count": 50110,
                                            "is_parallel": true,
                                            "self": 211.31541659998675,
                                            "children": {
                                                "steps_from_proto": {
                                                    "total": 0.01510839999949809,
                                                    "count": 10,
                                                    "is_parallel": true,
                                                    "self": 0.0016262999993399418,
                                                    "children": {
                                                        "_process_vector_observation": {
                                                            "total": 0.013482100000158148,
                                                            "count": 20,
                                                            "is_parallel": true,
                                                            "self": 0.013482100000158148
                                                        }
                                                    }
                                                },
                                                "UnityEnvironment.step": {
                                                    "total": 2957.7542273999957,
                                                    "count": 50110,
                                                    "is_parallel": true,
                                                    "self": 8.732101200052057,
                                                    "children": {
                                                        "UnityEnvironment._generate_step_input": {
                                                            "total": 24.85581650001312,
                                                            "count": 50110,
                                                            "is_parallel": true,