{
    "name": "root",
    "gauges": {
        "Hammer.Policy.Entropy.mean": {
            "value": 2.3016579151153564,
            "min": 2.3016579151153564,
            "max": 2.3025591373443604,
            "count": 2
        },
        "Hammer.Policy.ExtrinsicValueEstimate.mean": {
            "value": 0.014642663300037384,
            "min": 0.014642663300037384,
            "max": 0.021381046622991562,
            "count": 2
        },
        "Hammer.Policy.CuriosityValueEstimate.mean": {
            "value": -0.01196911372244358,
            "min": -0.0174274779856205,
            "max": -0.01196911372244358,
            "count": 2
        },
        "Hammer.IsTraining.mean": {
            "value": 1.0,
            "min": 1.0,
            "max": 1.0,
            "count": 2
        },
        "Hammer.Losses.ValueLoss.mean": {
            "value": 0.0038512053433805704,
            "min": 0.0038512053433805704,
            "max": 0.0038512053433805704,
            "count": 1
        },
        "Hammer.Losses.PolicyLoss.mean": {
            "value": 0.2386903017759323,
            "min": 0.2386903017759323,
            "max": 0.2386903017759323,
            "count": 1
        },
        "Hammer.Policy.LearningRate.mean": {
            "value": 0.00029999998514540493,
            "min": 0.00029999998514540493,
            "max": 0.00029999998514540493,
            "count": 1
        },
        "Hammer.Policy.Epsilon.mean": {
            "value": 0.20000003278255463,
            "min": 0.20000003278255463,
            "max": 0.20000003278255463,
            "count": 1
        },
        "Hammer.Policy.Beta.mean": {
            "value": 0.004999999888241291,
            "min": 0.004999999888241291,
            "max": 0.004999999888241291,
            "count": 1
        },
        "Hammer.Losses.CuriosityForwardLoss.mean": {
            "value": 0.388547420501709,
            "min": 0.388547420501709,
            "max": 0.388547420501709,
            "count": 1
        },
        "Hammer.Losses.CuriosityInverseLoss.mean": {
            "value": 1.6998591423034668,
            "min": 1.6998591423034668,
            "max": 1.6998591423034668,
            "count": 1
        }
    },
    "metadata": {
        "timer_format_version": "0.1.0",
        "start_time_seconds": "1609754942",
        "python_version": "3.8.6 (tags/v3.8.6:db45529, Sep 23 2020, 15:52:53) [MSC v.1927 64 bit (AMD64)]",
        "command_line_arguments": "C:\\Users\\bramv\\AppData\\Local\\Programs\\Python\\Python38\\Scripts\\mlagents-learn AIr-Hockey.yml --run-id Hammer-12",
        "mlagents_version": "0.21.0",
        "mlagents_envs_version": "0.21.0",
        "communication_protocol_version": "1.2.0",
        "tensorflow_version": "2.3.1",
        "numpy_version": "1.19.2",
        "end_time_seconds": "1609755165"
    },
    "total": 223.4896372,
    "count": 1,
    "self": 0.004837800000018433,
    "children": {
        "run_training.setup": {
            "total": 0.017492299999999794,
            "count": 1,
            "self": 0.017492299999999794
        },
        "TrainerController.start_learning": {
            "total": 223.4673071,
            "count": 1,
            "self": 0.160310500000179,
            "children": {
                "TrainerController._reset_env": {
                    "total": 11.853861400000001,
                    "count": 1,
                    "self": 11.853861400000001
                },
                "TrainerController.advance": {
                    "total": 207.4963192999998,
                    "count": 2881,
                    "self": 0.03246769999955745,
                    "children": {
                        "env_step": {
                            "total": 207.46385160000025,
                            "count": 2881,
                            "self": 201.89788670000124,
                            "children": {
                                "SubprocessEnvManager._take_step": {
                                    "total": 5.534836699999957,
                                    "count": 2881,
                                    "self": 0.1860505000008672,
                                    "children": {
                                        "TFPolicy.evaluate": {
                                            "total": 5.34878619999909,
                                            "count": 5762,
                                            "self": 5.34878619999909
                                        }
                                    }
                                },
                                "workers": {
                                    "total": 0.031128199999066908,
                                    "count": 2880,
                                    "self": 0.0,
                                    "children": {
                                        "worker_root": {
                                            "total": 212.04607619999976,
                                            "count": 2880,
                                            "is_parallel": true,
                                            "self": 13.742314899999172,
                                            "children": {
                                                "steps_from_proto": {
                                                    "total": 0.0031322000000004735,
                                                    "count": 2,
                                                    "is_parallel": true,
                                                    "self": 0.00032870000000073674,
                                                    "children": {
                                                        "_process_vector_observation": {
                                                            "total": 0.0028034999999997368,
                                                            "count": 8,
                                                            "is_parallel": true,
                                                            "self": 0.0028034999999997368
                                                        }
                                                    }
                                                },
                                                "UnityEnvironment.step": {
                                                    "total": 198.30062910000058,
                                                    "count": 2880,
                                                    "is_parallel": true,
                                                    "self": 0.4571115000005932,
                                                    "children": {
                                                        "UnityEnvironment._generate_step_input": {
                                                            "total": 1.353839600000212,
                                                            "count": 2880,
                                                            "is_parallel": true,
                                                            "self": 1.353839600000212
                                                        },
                                                        "communicator.exchange": {
                                                            "total": 187.50816890000044,
                                                            "count": 2880,
                                                            "is_parallel": true,
                                                            "self": 187.50816890000044
                                                        },
                                                        "steps_from_proto": {
                                                            "total": 8.98150909999932,
                                                            "count": 5760,
                                                            "is_parallel": true,