{
    "name": "root",
    "metadata": {
        "timer_format_version": "0.1.0",
        "start_time_seconds": "1608553725",
        "python_version": "3.8.6 (tags/v3.8.6:db45529, Sep 23 2020, 15:52:53) [MSC v.1927 64 bit (AMD64)]",
        "command_line_arguments": "C:\\Users\\bramv\\AppData\\Local\\Programs\\Python\\Python38\\Scripts\\mlagents-learn AIr-Hockey.yml --run-id Hammer-02",
        "mlagents_version": "0.21.0",
        "mlagents_envs_version": "0.21.0",
        "communication_protocol_version": "1.2.0",
        "tensorflow_version": "2.3.1",
        "numpy_version": "1.19.2",
        "end_time_seconds": "1608553807"
    },
    "total": 81.4446333,
    "count": 1,
    "self": 0.0068934000000098195,
    "children": {
        "run_training.setup": {
            "total": 0.007198000000000038,
            "count": 1,
            "self": 0.007198000000000038
        },
        "TrainerController.start_learning": {
            "total": 81.4305419,
            "count": 1,
            "self": 0.08648689999972703,
            "children": {
                "TrainerController._reset_env": {
                    "total": 46.3360424,
                    "count": 1,
                    "self": 46.3360424
                },
                "TrainerController.advance": {
                    "total": 27.554422800000268,
                    "count": 3251,
                    "self": 0.03141770000051736,
                    "children": {
                        "env_step": {
                            "total": 27.52300509999975,
                            "count": 3251,
                            "self": 22.718719400000282,
                            "children": {
                                "SubprocessEnvManager._take_step": {
                                    "total": 4.77116289999956,
                                    "count": 3251,
                                    "self": 0.1371610999992896,
                                    "children": {
                                        "TFPolicy.evaluate": {
                                            "total": 4.63400180000027,
                                            "count": 6502,
                                            "self": 4.63400180000027
                                        }
                                    }
                                },
                                "workers": {
                                    "total": 0.033122799999908636,
                                    "count": 3250,
                                    "self": 0.0,
                                    "children": {
                                        "worker_root": {
                                            "total": 35.34506709999993,
                                            "count": 3250,
                                            "is_parallel": true,
                                            "self": 15.27462889999979,
                                            "children": {
                                                "steps_from_proto": {
                                                    "total": 0.0005204999999932625,
                                                    "count": 2,
                                                    "is_parallel": true,
                                                    "self": 0.0002302999999841404,
                                                    "children": {
                                                        "_process_vector_observation": {
                                                            "total": 0.00029020000000912205,
                                                            "count": 8,
                                                            "is_parallel": true,
                                                            "self": 0.00029020000000912205
                                                        }
                                                    }
                                                },
                                                "UnityEnvironment.step": {
                                                    "total": 20.069917700000147,
                                                    "count": 3250,
                                                    "is_parallel": true,
                                                    "self": 0.2041056000003394,
                                                    "children": {
                                                        "UnityEnvironment._generate_step_input": {
                                                            "total": 0.4194449000001015,
                                                            "count": 3250,
                                                            "is_parallel": true,
                                                            "self": 0.4194449000001015
                                                        },
                                                        "communicator.exchange": {
                                                            "total": 18.04297179999964,
                                                            "count": 3250,
                                                            "is_parallel": true,
                                                            "self": 18.04297179999964
                                                        },
                                                        "steps_from_proto": {
                                                            "total": 1.4033954000000648,
                                                            "count": 6500,
                                                            "is_parallel": true,
                                                            "self": 0.6340439999991574,
                                                            "children": {
                                                                "_process_vector_observation": {
                                                                    "total": 0.7693514000009074,
                                                                    "count": 26000,
                                                                    "is_parallel": true,
                                                                    "self": 0.7693514000009074
                                                                }
                                                            }
                                                        }
                                                    }
                                                }
                                            }
                                        }
                                    }
                                }
                            }
                        }
                    }
                },
                "trainer_threads": {
                    "total": 1.7999999997186933e-05,
                    "count": 1,
                    "self": 1.7999999997186933e-05,
                    "children": {
                        "thread_root": {
                            "total": 0.0,
                            "count": 0,
                            "is_parallel": true,
                            "self": 0.0,
                            "children": {
                                "trainer_advance": {
                                    "total": 59.13704189999973,
                                    "count": 3842,
                                    "is_parallel": true,
                                    "self": 2.5748878999994744,
                                    "children": {
                                        "process_trajectory": {
                                            "total": 56.562154000000255,
                                            "count": 3842,
                                            "is_parallel": true,