{
    "name": "root",
    "gauges": {
        "Hammer.Policy.Entropy.mean": {
            "value": 2.289808750152588,
            "min": 2.289808750152588,
            "max": 2.3025763034820557,
            "count": 2
        },
        "Hammer.Policy.ExtrinsicValueEstimate.mean": {
            "value": 0.07879168540239334,
            "min": 0.07027386873960495,
            "max": 0.07879168540239334,
            "count": 2
        },
        "Hammer.Policy.CuriosityValueEstimate.mean": {
            "value": -0.037785615772008896,
            "min": -0.06968725472688675,
            "max": -0.037785615772008896,
            "count": 2
        },
        "Hammer.Losses.ValueLoss.mean": {
            "value": 0.3957422077655792,
            "min": 0.0003997222811449319,
            "max": 0.3957422077655792,
            "count": 2
        },
        "Hammer.Losses.PolicyLoss.mean": {
            "value": 0.5451602339744568,
            "min": 0.1772013008594513,
            "max": 0.5451602339744568,
            "count": 2
        },
        "Hammer.Policy.LearningRate.mean": {
            "value": 0.00029999998514540493,
            "min": 0.00029999998514540493,
            "max": 0.00029999998514540493,
            "count": 2
        },
        "Hammer.Policy.Epsilon.mean": {
            "value": 0.20000004768371582,
            "min": 0.20000004768371582,
            "max": 0.20000004768371582,
            "count": 2
        },
        "Hammer.Policy.Beta.mean": {
            "value": 0.004999999888241291,
            "min": 0.004999999888241291,
            "max": 0.004999999888241291,
            "count": 2
        },
        "Hammer.Losses.CuriosityForwardLoss.mean": {
            "value": 0.2153700590133667,
            "min": 0.2153700590133667,
            "max": 0.2773931920528412,
            "count": 2
        },
        "Hammer.Losses.CuriosityInverseLoss.mean": {
            "value": 0.6511806845664978,
            "min": 0.6511806845664978,
            "max": 1.633813738822937,
            "count": 2
        },
        "Hammer.IsTraining.mean": {
            "value": 1.0,
            "min": 1.0,
            "max": 1.0,
            "count": 2
        }
    },
    "metadata": {
        "timer_format_version": "0.1.0",
        "start_time_seconds": "1608554614",
        "python_version": "3.8.6 (tags/v3.8.6:db45529, Sep 23 2020, 15:52:53) [MSC v.1927 64 bit (AMD64)]",
        "command_line_arguments": "C:\\Users\\bramv\\AppData\\Local\\Programs\\Python\\Python38\\Scripts\\mlagents-learn AIr-Hockey.yml --run-id Hammer-05",
        "mlagents_version": "0.21.0",
        "mlagents_envs_version": "0.21.0",
        "communication_protocol_version": "1.2.0",
        "tensorflow_version": "2.3.1",
        "numpy_version": "1.19.2",
        "end_time_seconds": "1608554920"
    },
    "total": 306.3446932,
    "count": 1,
    "self": 0.010281899999995403,
    "children": {
        "run_training.setup": {
            "total": 0.01097210000000004,
            "count": 1,
            "self": 0.01097210000000004
        },
        "TrainerController.start_learning": {
            "total": 306.3234392,
            "count": 1,
            "self": 0.6268024000008836,
            "children": {
                "TrainerController._reset_env": {
                    "total": 18.238944800000002,
                    "count": 1,
                    "self": 18.238944800000002
                },
                "TrainerController.advance": {
                    "total": 279.57703909999907,
                    "count": 24987,
                    "self": 0.25795189999706736,
                    "children": {
                        "env_step": {
                            "total": 279.319087200002,
                            "count": 24987,
                            "self": 238.97091330000228,
                            "children": {
                                "SubprocessEnvManager._take_step": {
                                    "total": 40.07765969999943,
                                    "count": 24987,
                                    "self": 1.1579077999999043,
                                    "children": {
                                        "TFPolicy.evaluate": {
                                            "total": 38.919751899999525,
                                            "count": 49974,
                                            "self": 38.919751899999525
                                        }
                                    }
                                },
                                "workers": {
                                    "total": 0.27051420000028514,
                                    "count": 24986,
                                    "self": 0.0,
                                    "children": {
                                        "worker_root": {
                                            "total": 287.8835562999994,
                                            "count": 24986,
                                            "is_parallel": true,
                                            "self": 70.71013800000031,
                                            "children": {
                                                "steps_from_proto": {
                                                    "total": 0.0005117999999999512,
                                                    "count": 2,
                                                    "is_parallel": true,
                                                    "self": 0.00022910000000031516,
                                                    "children": {
                                                        "_process_vector_observation": {
                                                            "total": 0.000282699999999636,
                                                            "count": 8,
                                                            "is_parallel": true,
                                                            "self": 0.000282699999999636
                                                        }
                                                    }
                                                },
                                                "UnityEnvironment.step": {
                                                    "total": 217.17290649999907,
                                                    "count": 24986,
                                                    "is_parallel": true,
                                                    "self": 1.7285969999936128,
                                                    "children": {
                                                        "UnityEnvironment._generate_step_input": {
                                                            "total": 3.514072899997714,
                                                            "count": 24986,
                                                            "is_parallel": true,
                                                            "self": 3.514072899997714
                                                        },
                                                        "communicator.exchange": {
                                                            "total": 200.37365040000196,
                                                            "count": 24986,
                                                            "is_parallel": true,
                                                            "self": 200.37365040000196
                                                        },
                                                        "steps_from_proto": {
                                                            "total": 11.556586200005803,
                                                            "count": 49972,
                                                            "is_parallel": true,