{
    "name": "root",
    "metadata": {
        "timer_format_version": "0.1.0",
        "start_time_seconds": "1608553970",
        "python_version": "3.8.6 (tags/v3.8.6:db45529, Sep 23 2020, 15:52:53) [MSC v.1927 64 bit (AMD64)]",
        "command_line_arguments": "C:\\Users\\bramv\\AppData\\Local\\Programs\\Python\\Python38\\Scripts\\mlagents-learn AIr-Hockey.yml --run-id Hammer-03",
        "mlagents_version": "0.21.0",
        "mlagents_envs_version": "0.21.0",
        "communication_protocol_version": "1.2.0",
        "tensorflow_version": "2.3.1",
        "numpy_version": "1.19.2",
        "end_time_seconds": "1608553988"
    },
    "total": 18.618273300000002,
    "count": 1,
    "self": 0.2440996999999996,
    "children": {
        "run_training.setup": {
            "total": 0.006933099999999914,
            "count": 1,
            "self": 0.006933099999999914
        },
        "TrainerController.start_learning": {
            "total": 18.3672405,
            "count": 1,
            "self": 0.00021260000000111745,
            "children": {
                "TrainerController._reset_env": {
                    "total": 14.0823987,
                    "count": 1,
                    "self": 14.0823987
                },
                "TrainerController.advance": {
                    "total": 0.1799495999999987,
                    "count": 1,
                    "self": 5.899999999670058e-06,
                    "children": {
                        "env_step": {
                            "total": 0.17994369999999904,
                            "count": 1,
                            "self": 0.00045079999999941833,
                            "children": {
                                "SubprocessEnvManager._take_step": {
                                    "total": 0.17949289999999962,
                                    "count": 1,
                                    "self": 1.8100000001908256e-05,
                                    "children": {
                                        "TFPolicy.evaluate": {
                                            "total": 0.17947479999999771,
                                            "count": 1,
                                            "self": 0.17947479999999771
                                        }
                                    }
                                }
                            }
                        }
                    }
                },
                "TrainerController._save_models": {
                    "total": 4.104679600000001,
                    "count": 1,
                    "self": 1.6099999999852344e-05,
                    "children": {
                        "RLTrainer._checkpoint": {
                            "total": 4.104663500000001,
                            "count": 1,
                            "self": 4.104663500000001
                        }
                    }
                }
            }
        }
    }
}