{
    "name": "root",
    "gauges": {
        "HammerOpponent.Policy.Entropy.mean": {
            "value": 2.068099021911621,
            "min": 1.9503600597381592,
            "max": 2.3025388717651367,
            "count": 50
        },
        "HammerOpponent.Policy.ExtrinsicValueEstimate.mean": {
            "value": -0.02878081426024437,
            "min": -0.03614416718482971,
            "max": 0.06835800409317017,
            "count": 50
        },
        "HammerOpponent.Policy.CuriosityValueEstimate.mean": {
            "value": 3.1409671306610107,
            "min": 0.004526933655142784,
            "max": 4.226213455200195,
            "count": 50
        },
        "HammerOpponent.Losses.ValueLoss.mean": {
            "value": 0.012967025861144066,
            "min": 0.002401328179985285,
            "max": 11.757433891296387,
            "count": 50
        },
        "HammerOpponent.Losses.PolicyLoss.mean": {
            "value": 0.4480510652065277,
            "min": 0.2073567658662796,
            "max": 0.7974545359611511,
            "count": 50
        },
        "HammerOpponent.Policy.LearningRate.mean": {
            "value": 0.0003000000142492354,
            "min": 0.0003000000142492354,
            "max": 0.0003000000142492354,
            "count": 50
        },
        "HammerOpponent.Policy.Epsilon.mean": {
            "value": 0.20000004768371582,
            "min": 0.20000004768371582,
            "max": 0.20000004768371582,
            "count": 50
        },
        "HammerOpponent.Policy.Beta.mean": {
            "value": 0.004999999422580004,
            "min": 0.004999999422580004,
            "max": 0.004999999422580004,
            "count": 50
        },
        "HammerOpponent.Losses.CuriosityForwardLoss.mean": {
            "value": 0.03204625844955444,
            "min": 0.029357628896832466,
            "max": 0.3744128346443176,
            "count": 50
        },
        "HammerOpponent.Losses.CuriosityInverseLoss.mean": {
            "value": 0.8529601693153381,
            "min": 0.38649383187294006,
            "max": 1.8420065641403198,
            "count": 50
        },
        "HammerOpponent.IsTraining.mean": {
            "value": 1.0,
            "min": 1.0,
            "max": 1.0,
            "count": 50
        },
        "Hammer.Policy.Entropy.mean": {
            "value": 1.9945404529571533,
            "min": 1.735228180885315,
            "max": 2.3025565147399902,
            "count": 50
        },
        "Hammer.Policy.ExtrinsicValueEstimate.mean": {
            "value": -0.020855115726590157,
            "min": -0.05879988893866539,
            "max": 0.058520954102277756,
            "count": 50
        },
        "Hammer.Policy.CuriosityValueEstimate.mean": {
            "value": 3.424839496612549,
            "min": -0.054442379623651505,
            "max": 3.725067615509033,
            "count": 50
        },
        "Hammer.Losses.ValueLoss.mean": {
            "value": 0.0043485770002007484,
            "min": 0.0018274585017934442,
            "max": 2.4622838497161865,
            "count": 50
        },
        "Hammer.Losses.PolicyLoss.mean": {
            "value": 0.44836485385894775,
            "min": 0.2560952603816986,
            "max": 0.8043094873428345,
            "count": 50
        },
        "Hammer.Policy.LearningRate.mean": {
            "value": 0.0003000000142492354,
            "min": 0.0003000000142492354,
            "max": 0.0003000000142492354,
            "count": 50
        },
        "Hammer.Policy.Epsilon.mean": {
            "value": 0.20000004768371582,
            "min": 0.20000004768371582,
            "max": 0.20000004768371582,
            "count": 50
        },
        "Hammer.Policy.Beta.mean": {
            "value": 0.004999999422580004,
            "min": 0.004999999422580004,
            "max": 0.004999999422580004,
            "count": 50
        },
        "Hammer.Losses.CuriosityForwardLoss.mean": {
            "value": 0.04358398914337158,
            "min": 0.04040604829788208,
            "max": 0.385971337556839,
            "count": 50
        },
        "Hammer.Losses.CuriosityInverseLoss.mean": {
            "value": 0.7379253506660461,
            "min": 0.4291212856769562,
            "max": 1.7879197597503662,
            "count": 50
        },
        "Hammer.IsTraining.mean": {
            "value": 1.0,
            "min": 1.0,
            "max": 1.0,
            "count": 50
        }
    },
    "metadata": {
        "timer_format_version": "0.1.0",
        "start_time_seconds": "1608573508",
        "python_version": "3.8.6 (tags/v3.8.6:db45529, Sep 23 2020, 15:52:53) [MSC v.1927 64 bit (AMD64)]",
        "command_line_arguments": "C:\\Users\\bramv\\AppData\\Local\\Programs\\Python\\Python38\\Scripts\\mlagents-learn AIr-Hockey.yml --run-id Hammer-01",
        "mlagents_version": "0.21.0",
        "mlagents_envs_version": "0.21.0",
        "communication_protocol_version": "1.2.0",
        "tensorflow_version": "2.3.1",
        "numpy_version": "1.19.2",
        "end_time_seconds": "1608580897"
    },
    "total": 7388.762406899999,
    "count": 1,
    "self": 0.3111527999990358,
    "children": {
        "run_training.setup": {
            "total": 0.005988900000000186,
            "count": 1,
            "self": 0.005988900000000186
        },
        "TrainerController.start_learning": {
            "total": 7388.4452652,
            "count": 1,
            "self": 4.161137299986876,
            "children": {
                "TrainerController._reset_env": {
                    "total": 21.0600543000001,
                    "count": 10,
                    "self": 21.0600543000001
                },
                "TrainerController.advance": {
                    "total": 7354.793715500014,
                    "count": 167129,
                    "self": 1.8261196999528693,
                    "children": {
                        "env_step": {
                            "total": 7352.967595800061,
                            "count": 167129,
                            "self": 7021.099260400384,
                            "children": {
                                "SubprocessEnvManager._take_step": {
                                    "total": 330.0723927000566,
                                    "count": 167129,
                                    "self": 9.267234500130485,
                                    "children": {
                                        "TFPolicy.evaluate": {
                                            "total": 320.8051581999261,
                                            "count": 334258,
                                            "self": 320.8051581999261
                                        }
                                    }
                                },
                                "workers": {
                                    "total": 1.7959426996201557,
                                    "count": 167129,
                                    "self": 0.0,
                                    "children": {
                                        "worker_root": {
                                            "total": 7363.247699900255,
                                            "count": 167129,
                                            "is_parallel": true,
                                            "self": 562.2956617000582,
                                            "children": {
                                                "steps_from_proto": {
                                                    "total": 0.01938689999874832,
                                                    "count": 20,
                                                    "is_parallel": true,
                                                    "self": 0.0026862999961441147,