{
    "name": "root",
    "gauges": {
        "Hammer.Policy.Entropy.mean": {
            "value": 2.0651843547821045,
            "min": 2.0651843547821045,
            "max": 2.302563428878784,
            "count": 16
        },
        "Hammer.Policy.ExtrinsicValueEstimate.mean": {
            "value": 0.023102466017007828,
            "min": 0.01800367422401905,
            "max": 0.09525596350431442,
            "count": 16
        },
        "Hammer.Policy.CuriosityValueEstimate.mean": {
            "value": 2.983248233795166,
            "min": -0.044664304703474045,
            "max": 3.0812366008758545,
            "count": 16
        },
        "Hammer.IsTraining.mean": {
            "value": 1.0,
            "min": 1.0,
            "max": 1.0,
            "count": 16
        },
        "Hammer.Losses.ValueLoss.mean": {
            "value": 0.00361637189052999,
            "min": 0.00361637189052999,
            "max": 3.5856008529663086,
            "count": 15
        },
        "Hammer.Losses.PolicyLoss.mean": {
            "value": 0.43517252802848816,
            "min": 0.2931409180164337,
            "max": 0.7517675161361694,
            "count": 15
        },
        "Hammer.Policy.LearningRate.mean": {
            "value": 0.00029999998514540493,
            "min": 0.00029999998514540493,
            "max": 0.00029999998514540493,
            "count": 15
        },
        "Hammer.Policy.Epsilon.mean": {
            "value": 0.20000003278255463,
            "min": 0.20000003278255463,
            "max": 0.20000003278255463,
            "count": 15
        },
        "Hammer.Policy.Beta.mean": {
            "value": 0.004999999422580004,
            "min": 0.004999999422580004,
            "max": 0.004999999888241291,
            "count": 15
        },
        "Hammer.Losses.CuriosityForwardLoss.mean": {
            "value": 0.1390116661787033,
            "min": 0.1259343922138214,
            "max": 0.40606722235679626,
            "count": 15
        },
        "Hammer.Losses.CuriosityInverseLoss.mean": {
            "value": 0.7817699313163757,
            "min": 0.5448037981987,
            "max": 1.8286783695220947,
            "count": 15
        }
    },
    "metadata": {
        "timer_format_version": "0.1.0",
        "start_time_seconds": "1609763817",
        "python_version": "3.8.6 (tags/v3.8.6:db45529, Sep 23 2020, 15:52:53) [MSC v.1927 64 bit (AMD64)]",
        "command_line_arguments": "C:\\Users\\bramv\\AppData\\Local\\Programs\\Python\\Python38\\Scripts\\mlagents-learn AIr-Hockey.yml --run-id Hammer-17",
        "mlagents_version": "0.21.0",
        "mlagents_envs_version": "0.21.0",
        "communication_protocol_version": "1.2.0",
        "tensorflow_version": "2.3.1",
        "numpy_version": "1.19.2",
        "end_time_seconds": "1609764852"
    },
    "total": 1035.8610815000002,
    "count": 1,
    "self": 0.006453600000213555,
    "children": {
        "run_training.setup": {
            "total": 0.006956799999999985,
            "count": 1,
            "self": 0.006956799999999985
        },
        "TrainerController.start_learning": {
            "total": 1035.8476711,
            "count": 1,
            "self": 1.456557999995539,
            "children": {
                "TrainerController._reset_env": {
                    "total": 9.881882300000044,
                    "count": 2,
                    "self": 9.881882300000044
                },
                "TrainerController.advance": {
                    "total": 1020.5775494000044,
                    "count": 16414,
                    "self": 0.1941594999947256,
                    "children": {
                        "env_step": {
                            "total": 1020.3833899000097,
                            "count": 16414,
                            "self": 982.951739200014,
                            "children": {
                                "SubprocessEnvManager._take_step": {
                                    "total": 37.2358620000019,
                                    "count": 16414,
                                    "self": 1.1751252999950381,
                                    "children": {
                                        "TFPolicy.evaluate": {
                                            "total": 36.06073670000686,
                                            "count": 32828,
                                            "self": 36.06073670000686
                                        }
                                    }
                                },
                                "workers": {
                                    "total": 0.1957886999937788,
                                    "count": 16413,
                                    "self": 0.0,
                                    "children": {
                                        "worker_root": {
                                            "total": 1024.6027245999985,
                                            "count": 16413,
                                            "is_parallel": true,
                                            "self": 68.71511519999399,
                                            "children": {
                                                "steps_from_proto": {
                                                    "total": 0.0055333999999893635,
                                                    "count": 4,
                                                    "is_parallel": true,
                                                    "self": 0.0005102999999309077,
                                                    "children": {
                                                        "_process_vector_observation": {
                                                            "total": 0.005023100000058456,
                                                            "count": 8,
                                                            "is_parallel": true,
                                                            "self": 0.005023100000058456
                                                        }
                                                    }
                                                },
                                                "UnityEnvironment.step": {
                                                    "total": 955.8820760000045,
                                                    "count": 16413,
                                                    "is_parallel": true,
                                                    "self": 2.8294668000074807,
                                                    "children": {
                                                        "UnityEnvironment._generate_step_input": {
                                                            "total": 8.06755920000144,
                                                            "count": 16413,
                                                            "is_parallel": true,
                                                            "self": 8.06755920000144
                                                        },
                                                        "communicator.exchange": {
                                                            "total": 895.4290790999938,
                                                            "count": 16413,
                                                            "is_parallel": true,
                                                            "self": 895.4290790999938
                                                        },
                                                        "steps_from_proto": {
                                                            "total": 49.55597090000174,
                                                            "count": 32826,
                                                            "is_parallel": true,