{
    "name": "root",
    "metadata": {
        "timer_format_version": "0.1.0",
        "start_time_seconds": "1609756246",
        "python_version": "3.8.6 (tags/v3.8.6:db45529, Sep 23 2020, 15:52:53) [MSC v.1927 64 bit (AMD64)]",
        "command_line_arguments": "C:\\Users\\bramv\\AppData\\Local\\Programs\\Python\\Python38\\Scripts\\mlagents-learn AIr-Hockey.yml --run-id Hammer-14",
        "mlagents_version": "0.21.0",
        "mlagents_envs_version": "0.21.0",
        "communication_protocol_version": "1.2.0",
        "tensorflow_version": "2.3.1",
        "numpy_version": "1.19.2",
        "end_time_seconds": "1609756282"
    },
    "total": 35.821948799999994,
    "count": 1,
    "self": 0.005160299999992901,
    "children": {
        "run_training.setup": {
            "total": 0.008146599999999893,
            "count": 1,
            "self": 0.008146599999999893
        },
        "TrainerController.start_learning": {
            "total": 35.8086419,
            "count": 1,
            "self": 0.011501899999977638,
            "children": {
                "TrainerController._reset_env": {
                    "total": 10.4393246,
                    "count": 1,
                    "self": 10.4393246
                },
                "TrainerController.advance": {
                    "total": 21.569759700000027,
                    "count": 324,
                    "self": 0.0033965000000257817,
                    "children": {
                        "env_step": {
                            "total": 21.5663632,
                            "count": 324,
                            "self": 20.89681089999994,
                            "children": {
                                "SubprocessEnvManager._take_step": {
                                    "total": 0.66651900000004,
                                    "count": 324,
                                    "self": 0.019810199999998446,
                                    "children": {
                                        "TFPolicy.evaluate": {
                                            "total": 0.6467088000000416,
                                            "count": 648,
                                            "self": 0.6467088000000416
                                        }
                                    }
                                },
                                "workers": {
                                    "total": 0.0030333000000197785,
                                    "count": 323,
                                    "self": 0.0,
                                    "children": {
                                        "worker_root": {
                                            "total": 25.617075699999965,
                                            "count": 323,
                                            "is_parallel": true,
                                            "self": 5.106188499999956,
                                            "children": {
                                                "steps_from_proto": {
                                                    "total": 0.0029068999999992684,
                                                    "count": 2,
                                                    "is_parallel": true,
                                                    "self": 0.00027730000000047994,
                                                    "children": {
                                                        "_process_vector_observation": {
                                                            "total": 0.0026295999999987885,
                                                            "count": 8,
                                                            "is_parallel": true,
                                                            "self": 0.0026295999999987885
                                                        }
                                                    }
                                                },
                                                "UnityEnvironment.step": {
                                                    "total": 20.50798030000001,
                                                    "count": 323,
                                                    "is_parallel": true,
                                                    "self": 0.04818119999996995,
                                                    "children": {
                                                        "UnityEnvironment._generate_step_input": {
                                                            "total": 0.13744270000000824,
                                                            "count": 323,
                                                            "is_parallel": true,
                                                            "self": 0.13744270000000824
                                                        },
                                                        "communicator.exchange": {
                                                            "total": 19.36215909999999,
                                                            "count": 323,
                                                            "is_parallel": true,
                                                            "self": 19.36215909999999
                                                        },
                                                        "steps_from_proto": {
                                                            "total": 0.9601973000000452,
                                                            "count": 646,
                                                            "is_parallel": true,
                                                            "self": 0.08699649999996772,
                                                            "children": {
                                                                "_process_vector_observation": {
                                                                    "total": 0.8732008000000775,
                                                                    "count": 2584,
                                                                    "is_parallel": true,
                                                                    "self": 0.8732008000000775
                                                                }
                                                            }
                                                        }
                                                    }
                                                }
                                            }
                                        }
                                    }
                                }
                            }
                        }
                    }
                },
                "trainer_threads": {
                    "total": 1.2800000000368073e-05,
                    "count": 1,
                    "self": 1.2800000000368073e-05,
                    "children": {
                        "thread_root": {
                            "total": 0.0,
                            "count": 0,
                            "is_parallel": true,
                            "self": 0.0,
                            "children": {
                                "trainer_advance": {
                                    "total": 21.81804189999996,
                                    "count": 1381,
                                    "is_parallel": true,
                                    "self": 1.5957040999999847,
                                    "children": {
                                        "process_trajectory": {
                                            "total": 20.222337799999977,
                                            "count": 1381,
                                            "is_parallel": true,