{
    "name": "root",
    "metadata": {
        "timer_format_version": "0.1.0",
        "start_time_seconds": "1609763730",
        "python_version": "3.8.6 (tags/v3.8.6:db45529, Sep 23 2020, 15:52:53) [MSC v.1927 64 bit (AMD64)]",
        "command_line_arguments": "C:\\Users\\bramv\\AppData\\Local\\Programs\\Python\\Python38\\Scripts\\mlagents-learn AIr-Hockey.yml --run-id Hammer-16",
        "mlagents_version": "0.21.0",
        "mlagents_envs_version": "0.21.0",
        "communication_protocol_version": "1.2.0",
        "tensorflow_version": "2.3.1",
        "numpy_version": "1.19.2",
        "end_time_seconds": "1609763776"
    },
    "total": 45.751274099999996,
    "count": 1,
    "self": 0.004231899999993516,
    "children": {
        "run_training.setup": {
            "total": 0.00515740000000009,
            "count": 1,
            "self": 0.00515740000000009
        },
        "TrainerController.start_learning": {
            "total": 45.7418848,
            "count": 1,
            "self": 0.02355969999999985,
            "children": {
                "TrainerController._reset_env": {
                    "total": 10.6248182,
                    "count": 1,
                    "self": 10.6248182
                },
                "TrainerController.advance": {
                    "total": 31.548145500000004,
                    "count": 557,
                    "self": 0.005647500000016237,
                    "children": {
                        "env_step": {
                            "total": 31.542497999999988,
                            "count": 557,
                            "self": 30.55410869999992,
                            "children": {
                                "SubprocessEnvManager._take_step": {
                                    "total": 0.9829062000000715,
                                    "count": 557,
                                    "self": 0.03252570000019439,
                                    "children": {
                                        "TFPolicy.evaluate": {
                                            "total": 0.9503804999998771,
                                            "count": 1114,
                                            "self": 0.9503804999998771
                                        }
                                    }
                                },
                                "workers": {
                                    "total": 0.0054830999999975205,
                                    "count": 556,
                                    "self": 0.0,
                                    "children": {
                                        "worker_root": {
                                            "total": 35.669814,
                                            "count": 556,
                                            "is_parallel": true,
                                            "self": 5.764830099999955,
                                            "children": {
                                                "steps_from_proto": {
                                                    "total": 0.002778199999999842,
                                                    "count": 2,
                                                    "is_parallel": true,
                                                    "self": 0.00014000000000091717,
                                                    "children": {
                                                        "_process_vector_observation": {
                                                            "total": 0.0026381999999989247,
                                                            "count": 4,
                                                            "is_parallel": true,
                                                            "self": 0.0026381999999989247
                                                        }
                                                    }
                                                },
                                                "UnityEnvironment.step": {
                                                    "total": 29.902205700000046,
                                                    "count": 556,
                                                    "is_parallel": true,
                                                    "self": 0.07451150000013484,
                                                    "children": {
                                                        "UnityEnvironment._generate_step_input": {
                                                            "total": 0.3219506999998991,
                                                            "count": 556,
                                                            "is_parallel": true,
                                                            "self": 0.3219506999998991
                                                        },
                                                        "communicator.exchange": {
                                                            "total": 28.039800800000073,
                                                            "count": 556,
                                                            "is_parallel": true,
                                                            "self": 28.039800800000073
                                                        },
                                                        "steps_from_proto": {
                                                            "total": 1.4659426999999372,
                                                            "count": 1112,
                                                            "is_parallel": true,
                                                            "self": 0.06998380000003657,
                                                            "children": {
                                                                "_process_vector_observation": {
                                                                    "total": 1.3959588999999006,
                                                                    "count": 2224,
                                                                    "is_parallel": true,
                                                                    "self": 1.3959588999999006
                                                                }
                                                            }
                                                        }
                                                    }
                                                }
                                            }
                                        }
                                    }
                                }
                            }
                        }
                    }
                },
                "trainer_threads": {
                    "total": 1.8599999997093164e-05,
                    "count": 1,
                    "self": 1.8599999997093164e-05,
                    "children": {
                        "thread_root": {
                            "total": 0.0,
                            "count": 0,
                            "is_parallel": true,
                            "self": 0.0,
                            "children": {
                                "trainer_advance": {
                                    "total": 31.783522600000058,
                                    "count": 2027,
                                    "is_parallel": true,
                                    "self": 2.4430186000000056,
                                    "children": {
                                        "process_trajectory": {
                                            "total": 29.340504000000053,
                                            "count": 2027,
                                            "is_parallel": true,