{
    "name": "root",
    "gauges": {
        "Hammer.Policy.Entropy.mean": {
            "value": 1.8436163663864136,
            "min": 1.6927778720855713,
            "max": 2.3025784492492676,
            "count": 50
        },
        "Hammer.Policy.ExtrinsicValueEstimate.mean": {
            "value": 0.006482788361608982,
            "min": -0.03541511297225952,
            "max": 0.025159215554594994,
            "count": 50
        },
        "Hammer.Policy.CuriosityValueEstimate.mean": {
            "value": 6.293789386749268,
            "min": 0.04294619709253311,
            "max": 6.293789386749268,
            "count": 50
        },
        "Hammer.Losses.ValueLoss.mean": {
            "value": 0.06127912923693657,
            "min": 0.002084531122818589,
            "max": 14.755988121032715,
            "count": 50
        },
        "Hammer.Losses.PolicyLoss.mean": {
            "value": 0.6920784115791321,
            "min": 0.17102189362049103,
            "max": 0.8033759593963623,
            "count": 50
        },
        "Hammer.Policy.LearningRate.mean": {
            "value": 0.0003000000142492354,
            "min": 0.0003000000142492354,
            "max": 0.0003000000142492354,
            "count": 50
        },
        "Hammer.Policy.Epsilon.mean": {
            "value": 0.20000004768371582,
            "min": 0.20000004768371582,
            "max": 0.20000004768371582,
            "count": 50
        },
        "Hammer.Policy.Beta.mean": {
            "value": 0.004999999422580004,
            "min": 0.004999999422580004,
            "max": 0.004999999422580004,
            "count": 50
        },
        "Hammer.Losses.CuriosityForwardLoss.mean": {
            "value": 0.08773120492696762,
            "min": 0.032209765166044235,
            "max": 0.8126320838928223,
            "count": 50
        },
        "Hammer.Losses.CuriosityInverseLoss.mean": {
            "value": 0.6384294033050537,
            "min": 0.6047033071517944,
            "max": 1.4927797317504883,
            "count": 50
        },
        "Hammer.IsTraining.mean": {
            "value": 1.0,
            "min": 1.0,
            "max": 1.0,
            "count": 50
        },
        "HammerOpponent.Policy.Entropy.mean": {
            "value": 2.084962844848633,
            "min": 1.8401672840118408,
            "max": 2.3025572299957275,
            "count": 50
        },
        "HammerOpponent.Policy.ExtrinsicValueEstimate.mean": {
            "value": 0.032216865569353104,
            "min": -0.0253403652459383,
            "max": 0.050390277057886124,
            "count": 50
        },
        "HammerOpponent.Policy.CuriosityValueEstimate.mean": {
            "value": 5.20596170425415,
            "min": 0.06187880411744118,
            "max": 5.912940502166748,
            "count": 50
        },
        "HammerOpponent.Losses.ValueLoss.mean": {
            "value": 0.026523206382989883,
            "min": 0.0009076707647182047,
            "max": 38.465003967285156,
            "count": 50
        },
        "HammerOpponent.Losses.PolicyLoss.mean": {
            "value": 0.3362277150154114,
            "min": 0.17369654774665833,
            "max": 0.9006128311157227,
            "count": 50
        },
        "HammerOpponent.Policy.LearningRate.mean": {
            "value": 0.0003000000142492354,
            "min": 0.0003000000142492354,
            "max": 0.0003000000142492354,
            "count": 50
        },
        "HammerOpponent.Policy.Epsilon.mean": {
            "value": 0.20000004768371582,
            "min": 0.20000004768371582,
            "max": 0.20000004768371582,
            "count": 50
        },
        "HammerOpponent.Policy.Beta.mean": {
            "value": 0.004999999422580004,
            "min": 0.004999999422580004,
            "max": 0.004999999422580004,
            "count": 50
        },
        "HammerOpponent.Losses.CuriosityForwardLoss.mean": {
            "value": 0.04607464745640755,
            "min": 0.039030760526657104,
            "max": 0.3373420536518097,
            "count": 50
        },
        "HammerOpponent.Losses.CuriosityInverseLoss.mean": {
            "value": 0.918755829334259,
            "min": 0.4144410490989685,
            "max": 1.6340582370758057,
            "count": 50
        },
        "HammerOpponent.IsTraining.mean": {
            "value": 1.0,
            "min": 1.0,
            "max": 1.0,
            "count": 50
        }
    },
    "metadata": {
        "timer_format_version": "0.1.0",
        "start_time_seconds": "1608556693",
        "python_version": "3.8.6 (tags/v3.8.6:db45529, Sep 23 2020, 15:52:53) [MSC v.1927 64 bit (AMD64)]",
        "command_line_arguments": "C:\\Users\\bramv\\AppData\\Local\\Programs\\Python\\Python38\\Scripts\\mlagents-learn AIr-Hockey.yml --run-id Hammer-08",
        "mlagents_version": "0.21.0",
        "mlagents_envs_version": "0.21.0",
        "communication_protocol_version": "1.2.0",
        "tensorflow_version": "2.3.1",
        "numpy_version": "1.19.2",
        "end_time_seconds": "1608561637"
    },
    "total": 4943.1874521,
    "count": 1,
    "self": 0.27183770000010554,
    "children": {
        "run_training.setup": {
            "total": 0.007875699999999819,
            "count": 1,
            "self": 0.007875699999999819
        },
        "TrainerController.start_learning": {
            "total": 4942.9077387,
            "count": 1,
            "self": 4.991793099936331,
            "children": {
                "TrainerController._reset_env": {
                    "total": 20.788060399999377,
                    "count": 10,
                    "self": 20.788060399999377
                },
                "TrainerController.advance": {
                    "total": 4909.200977500064,
                    "count": 167176,
                    "self": 2.0436209001063617,
                    "children": {
                        "env_step": {
                            "total": 4907.157356599958,
                            "count": 167176,
                            "self": 4544.4423166997585,
                            "children": {
                                "SubprocessEnvManager._take_step": {
                                    "total": 360.69319550009976,
                                    "count": 167176,
                                    "self": 10.822500500059562,
                                    "children": {
                                        "TFPolicy.evaluate": {
                                            "total": 349.8706950000402,
                                            "count": 334352,
                                            "self": 349.8706950000402
                                        }
                                    }
                                },
                                "workers": {
                                    "total": 2.0218444001000258,
                                    "count": 167176,
                                    "self": 0.0,
                                    "children": {
                                        "worker_root": {
                                            "total": 4917.621256799904,
                                            "count": 167176,
                                            "is_parallel": true,
                                            "self": 620.0646402998063,
                                            "children": {
                                                "steps_from_proto": {
                                                    "total": 0.009149100001046406,
                                                    "count": 20,
                                                    "is_parallel": true,
                                                    "self": 0.0024420000016203147,