{
    "name": "root",
    "gauges": {
        "HammerOpponent.Policy.Entropy.mean": {
            "value": 2.296593189239502,
            "min": 2.296593189239502,
            "max": 2.3025524616241455,
            "count": 2
        },
        "HammerOpponent.Policy.ExtrinsicValueEstimate.mean": {
            "value": 0.01700214296579361,
            "min": 0.003281769808381796,
            "max": 0.01700214296579361,
            "count": 2
        },
        "HammerOpponent.Policy.CuriosityValueEstimate.mean": {
            "value": 0.10893594473600388,
            "min": 0.01639125682413578,
            "max": 0.10893594473600388,
            "count": 2
        },
        "HammerOpponent.Losses.ValueLoss.mean": {
            "value": 46.306636810302734,
            "min": 6.824467709520832e-05,
            "max": 46.306636810302734,
            "count": 2
        },
        "HammerOpponent.Losses.PolicyLoss.mean": {
            "value": 0.4934343695640564,
            "min": 0.34894293546676636,
            "max": 0.4934343695640564,
            "count": 2
        },
        "HammerOpponent.Policy.LearningRate.mean": {
            "value": 0.00029999998514540493,
            "min": 0.00029999998514540493,
            "max": 0.00029999998514540493,
            "count": 2
        },
        "HammerOpponent.Policy.Epsilon.mean": {
            "value": 0.20000004768371582,
            "min": 0.20000004768371582,
            "max": 0.20000004768371582,
            "count": 2
        },
        "HammerOpponent.Policy.Beta.mean": {
            "value": 0.004999999888241291,
            "min": 0.004999999888241291,
            "max": 0.004999999888241291,
            "count": 2
        },
        "HammerOpponent.Losses.CuriosityForwardLoss.mean": {
            "value": 0.1665143072605133,
            "min": 0.034770023077726364,
            "max": 0.1665143072605133,
            "count": 2
        },
        "HammerOpponent.Losses.CuriosityInverseLoss.mean": {
            "value": 1.8104368448257446,
            "min": 1.8104368448257446,
            "max": 2.2815184593200684,
            "count": 2
        },
        "HammerOpponent.IsTraining.mean": {
            "value": 1.0,
            "min": 1.0,
            "max": 1.0,
            "count": 2
        }
    },
    "metadata": {
        "timer_format_version": "0.1.0",
        "start_time_seconds": "1608554242",
        "python_version": "3.8.6 (tags/v3.8.6:db45529, Sep 23 2020, 15:52:53) [MSC v.1927 64 bit (AMD64)]",
        "command_line_arguments": "C:\\Users\\bramv\\AppData\\Local\\Programs\\Python\\Python38\\Scripts\\mlagents-learn AIr-Hockey.yml --run-id Hammer-04",
        "mlagents_version": "0.21.0",
        "mlagents_envs_version": "0.21.0",
        "communication_protocol_version": "1.2.0",
        "tensorflow_version": "2.3.1",
        "numpy_version": "1.19.2",
        "end_time_seconds": "1608554559"
    },
    "total": 317.2481467,
    "count": 1,
    "self": 0.006631700000014007,
    "children": {
        "run_training.setup": {
            "total": 0.005086200000000041,
            "count": 1,
            "self": 0.005086200000000041
        },
        "TrainerController.start_learning": {
            "total": 317.2364288,
            "count": 1,
            "self": 0.6850589999979206,
            "children": {
                "TrainerController._reset_env": {
                    "total": 15.523800200000002,
                    "count": 1,
                    "self": 15.523800200000002
                },
                "TrainerController.advance": {
                    "total": 298.9309001000021,
                    "count": 28817,
                    "self": 0.29522020000160865,
                    "children": {
                        "env_step": {
                            "total": 298.63567990000047,
                            "count": 28817,
                            "self": 255.41696690000336,
                            "children": {
                                "SubprocessEnvManager._take_step": {
                                    "total": 42.92503759999896,
                                    "count": 28817,
                                    "self": 1.247505999997344,
                                    "children": {
                                        "TFPolicy.evaluate": {
                                            "total": 41.677531600001615,
                                            "count": 57634,
                                            "self": 41.677531600001615
                                        }
                                    }
                                },
                                "workers": {
                                    "total": 0.2936753999981505,
                                    "count": 28816,
                                    "self": 0.0,
                                    "children": {
                                        "worker_root": {
                                            "total": 258.5299138999985,
                                            "count": 28816,
                                            "is_parallel": true,
                                            "self": 76.19314269999745,
                                            "children": {
                                                "steps_from_proto": {
                                                    "total": 0.0005670000000002062,
                                                    "count": 2,
                                                    "is_parallel": true,
                                                    "self": 0.00025950000000030116,
                                                    "children": {
                                                        "_process_vector_observation": {
                                                            "total": 0.00030749999999990507,
                                                            "count": 8,
                                                            "is_parallel": true,
                                                            "self": 0.00030749999999990507
                                                        }
                                                    }
                                                },
                                                "UnityEnvironment.step": {
                                                    "total": 182.33620420000108,
                                                    "count": 28816,
                                                    "is_parallel": true,
                                                    "self": 1.8890913999988186,
                                                    "children": {
                                                        "UnityEnvironment._generate_step_input": {
                                                            "total": 3.8029783000022377,
                                                            "count": 28816,
                                                            "is_parallel": true,
                                                            "self": 3.8029783000022377
                                                        },
                                                        "communicator.exchange": {
                                                            "total": 163.6784459999986,
                                                            "count": 28816,
                                                            "is_parallel": true,
                                                            "self": 163.6784459999986
                                                        },
                                                        "steps_from_proto": {
                                                            "total": 12.965688500001445,
                                                            "count": 57632,